a₀,r,σ,wᵈ,ρ,cor
0.025,0.0,0.1,0.2,-0.4,NaN
0.025,0.0,0.1,0.2,-0.2,NaN
0.025,0.0,0.1,0.2,0.0,NaN
0.025,0.0,0.1,0.2,0.2,NaN
0.025,0.0,0.1,0.2,0.4,NaN
0.025,0.0,0.1,0.2,0.6,0.6927494190543988
0.025,0.0,0.1,0.2,0.8,0.8715463288000227
0.025,0.0,0.1,0.8,-0.4,-0.05864866687963856
0.025,0.0,0.1,0.8,-0.2,0.14294840073400844
0.025,0.0,0.1,0.8,0.0,0.37358968135858145
0.025,0.0,0.1,0.8,0.2,0.6108813953326586
0.025,0.0,0.1,0.8,0.4,0.8262740194854649
0.025,0.0,0.1,0.8,0.6,0.9737979156516159
0.025,0.0,0.1,0.8,0.8,0.9917454054897866
0.025,0.0,0.4,0.2,-0.4,-0.3938417385442466
0.025,0.0,0.4,0.2,-0.2,-0.19514960741229334
0.025,0.0,0.4,0.2,0.0,0.011344264926809969
0.025,0.0,0.4,0.2,0.2,0.2221401241656742
0.025,0.0,0.4,0.2,0.4,0.4419038460394358
0.025,0.0,0.4,0.2,0.6,0.6646462645541005
0.025,0.0,0.4,0.2,0.8,0.8669873431349412
0.025,0.0,0.4,0.8,-0.4,-0.36419675428018616
0.025,0.0,0.4,0.8,-0.2,-0.13391844839636824
0.025,0.0,0.4,0.8,0.0,0.1413259057827489
0.025,0.0,0.4,0.8,0.2,0.4953740807030506
0.025,0.0,0.4,0.8,0.4,0.7840322037647021
0.025,0.0,0.4,0.8,0.6,0.9113162151305214
0.025,0.0,0.4,0.8,0.8,0.9509081984681131
0.05,0.0,0.1,0.2,-0.4,NaN
0.05,0.0,0.1,0.2,-0.2,NaN
0.05,0.0,0.1,0.2,0.0,0.10878262243271684
0.05,0.0,0.1,0.2,0.2,0.3271526103353311
0.05,0.0,0.1,0.2,0.4,0.5117599147252037
0.05,0.0,0.1,0.2,0.6,0.7030886098146755
0.05,0.0,0.1,0.2,0.8,0.8779317200557847
0.05,0.0,0.1,0.8,-0.4,-0.058723440783382756
0.05,0.0,0.1,0.8,-0.2,0.20260144712147898
0.05,0.0,0.1,0.8,0.0,0.4336713533431776
0.05,0.0,0.1,0.8,0.2,0.7575404115256685
0.05,0.0,0.1,0.8,0.4,0.9417241667995556
0.05,0.0,0.1,0.8,0.6,0.9771197794994925
0.05,0.0,0.1,0.8,0.8,0.9864146678939096
0.05,0.0,0.4,0.2,-0.4,-0.39279177818913397
0.05,0.0,0.4,0.2,-0.2,-0.19014408479792544
0.05,0.0,0.4,0.2,0.0,0.021103420463825875
0.05,0.0,0.4,0.2,0.2,0.23795885992033153
0.05,0.0,0.4,0.2,0.4,0.4642951929531093
0.05,0.0,0.4,0.2,0.6,0.6827630447010705
0.05,0.0,0.4,0.2,0.8,0.870001655681674
0.05,0.0,0.4,0.8,-0.4,-0.30650169085567947
0.05,0.0,0.4,0.8,-0.2,-0.010357099720952223
0.05,0.0,0.4,0.8,0.0,0.36471818017478724
0.05,0.0,0.4,0.8,0.2,0.6638443720637717
0.05,0.0,0.4,0.8,0.4,0.8168003834953732
0.05,0.0,0.4,0.8,0.6,0.8936109564309694
0.05,0.0,0.4,0.8,0.8,0.9365984319792643
0.075,0.0,0.1,0.2,-0.4,-0.3028084927338383
0.075,0.0,0.1,0.2,-0.2,-0.09497310734377457
0.075,0.0,0.1,0.2,0.0,0.13700872158257155
0.075,0.0,0.1,0.2,0.2,0.3334320025529877
0.075,0.0,0.1,0.2,0.4,0.507962829474693
0.075,0.0,0.1,0.2,0.6,0.7027157736746907
0.075,0.0,0.1,0.2,0.8,0.8796901316730645
0.075,0.0,0.1,0.8,-0.4,-0.07337029061340894
0.075,0.0,0.1,0.8,-0.2,0.27193158617940894
0.075,0.0,0.1,0.8,0.0,0.6451841077667114
0.075,0.0,0.1,0.8,0.2,0.8949997995688372
0.075,0.0,0.1,0.8,0.4,0.9582665940236169
0.075,0.0,0.1,0.8,0.6,0.9743264723751784
0.075,0.0,0.1,0.8,0.8,0.9823557111772211
0.075,0.0,0.4,0.2,-0.4,-0.3900621306990368
0.075,0.0,0.4,0.2,-0.2,-0.18344541205016454
0.075,0.0,0.4,0.2,0.0,0.030595581612326755
0.075,0.0,0.4,0.2,0.2,0.25411562717887265
0.075,0.0,0.4,0.2,0.4,0.4800091149558254
0.075,0.0,0.4,0.2,0.6,0.6961989192159236
0.075,0.0,0.4,0.2,0.8,0.8703099152363677
0.075,0.0,0.4,0.8,-0.4,-0.20638334916516543
0.075,0.0,0.4,0.8,-0.2,0.17366881470422457
0.075,0.0,0.4,0.8,0.0,0.5123031563583175
0.075,0.0,0.4,0.8,0.2,0.69066752279642
0.075,0.0,0.4,0.8,0.4,0.8033284661882566
0.075,0.0,0.4,0.8,0.6,0.8668581938663469
0.075,0.0,0.4,0.8,0.8,0.9144891928858866
0.1,0.0,0.1,0.2,-0.4,-0.29293383409978013
0.1,0.0,0.1,0.2,-0.2,-0.09418974312926888
0.1,0.0,0.1,0.2,0.0,0.12510446926042684
0.1,0.0,0.1,0.2,0.2,0.3190012831843307
0.1,0.0,0.1,0.2,0.4,0.5216628572913292
0.1,0.0,0.1,0.2,0.6,0.7100595486924112
0.1,0.0,0.1,0.2,0.8,0.8829256849925647
0.1,0.0,0.1,0.8,-0.4,0.059509537535661676
0.1,0.0,0.1,0.8,-0.2,0.5016517666887829
0.1,0.0,0.1,0.8,0.0,0.8309420768738748
0.1,0.0,0.1,0.8,0.2,0.9253820119334426
0.1,0.0,0.1,0.8,0.4,0.9535702924378601
0.1,0.0,0.1,0.8,0.6,0.9672619775601936
0.1,0.0,0.1,0.8,0.8,0.9760152491515148
0.1,0.0,0.4,0.2,-0.4,-0.38602721869893786
0.1,0.0,0.4,0.2,-0.2,-0.17621620242872604
0.1,0.0,0.4,0.2,0.0,0.04166105335780266
0.1,0.0,0.4,0.2,0.2,0.266678196998655
0.1,0.0,0.4,0.2,0.4,0.494001101655042
0.1,0.0,0.4,0.2,0.6,0.70416168346983
0.1,0.0,0.4,0.2,0.8,0.8692341215571538
0.1,0.0,0.4,0.8,-0.4,-0.04457520876134046
0.1,0.0,0.4,0.8,-0.2,0.32037390037233554
0.1,0.0,0.4,0.8,0.0,0.5526226856666803
0.1,0.0,0.4,0.8,0.2,0.6852505439210851
0.1,0.0,0.4,0.8,0.4,0.7773406152201293
0.1,0.0,0.4,0.8,0.6,0.838919510117668
0.1,0.0,0.4,0.8,0.8,0.9060980066158074
0.125,0.0,0.1,0.2,-0.4,-0.3038879101755683
0.125,0.0,0.1,0.2,-0.2,-0.08062899169259506
0.125,0.0,0.1,0.2,0.0,0.12221582636760177
0.125,0.0,0.1,0.2,0.2,0.32162641559444655
0.125,0.0,0.1,0.2,0.4,0.5163886745205268
0.125,0.0,0.1,0.2,0.6,0.7190763127170655
0.125,0.0,0.1,0.2,0.8,0.885645430778202
0.125,0.0,0.1,0.8,-0.4,0.36311588853144217
0.125,0.0,0.1,0.8,-0.2,0.7496266144108541
0.125,0.0,0.1,0.8,0.0,0.8776256582876661
0.125,0.0,0.1,0.8,0.2,0.9175658515913372
0.125,0.0,0.1,0.8,0.4,0.9296596508272283
0.125,0.0,0.1,0.8,0.6,0.9467895404414318
0.125,0.0,0.1,0.8,0.8,0.9596221533934594
0.125,0.0,0.4,0.2,-0.4,-0.3826488788592479
0.125,0.0,0.4,0.2,-0.2,-0.16831425976679096
0.125,0.0,0.4,0.2,0.0,0.054154958318853245
0.125,0.0,0.4,0.2,0.2,0.2796914370441653
0.125,0.0,0.4,0.2,0.4,0.5072637295824993
0.125,0.0,0.4,0.2,0.6,0.710697285753067
0.125,0.0,0.4,0.2,0.8,0.8687883201876238
0.125,0.0,0.4,0.8,-0.4,0.09901545950455959
0.125,0.0,0.4,0.8,-0.2,0.3794777251721916
0.125,0.0,0.4,0.8,0.0,0.5320157148854395
0.125,0.0,0.4,0.8,0.2,0.6609253447969827
0.125,0.0,0.4,0.8,0.4,0.7361907167066373
0.125,0.0,0.4,0.8,0.6,0.8139606784965104
0.125,0.0,0.4,0.8,0.8,0.8860942941066495
0.15,0.0,0.1,0.2,-0.4,-0.30577277702191785
0.15,0.0,0.1,0.2,-0.2,-0.0839593689940306
0.15,0.0,0.1,0.2,0.0,0.12361917055560659
0.15,0.0,0.1,0.2,0.2,0.3265140037530179
0.15,0.0,0.1,0.2,0.4,0.5320917620999969
0.15,0.0,0.1,0.2,0.6,0.7254405421511138
0.15,0.0,0.1,0.2,0.8,0.887407641145949
0.15,0.0,0.1,0.8,-0.4,0.6657411007677779
0.15,0.0,0.1,0.8,-0.2,0.8063275173496454
0.15,0.0,0.1,0.8,0.0,0.8561272871814366
0.15,0.0,0.1,0.8,0.2,0.876233997905573
0.15,0.0,0.1,0.8,0.4,0.8983156222646879
0.15,0.0,0.1,0.8,0.6,0.9154057966425835
0.15,0.0,0.1,0.8,0.8,0.9321281760999044
0.15,0.0,0.4,0.2,-0.4,-0.3782654912630219
0.15,0.0,0.4,0.2,-0.2,-0.15983216375349502
0.15,0.0,0.4,0.2,0.0,0.06580273709816874
0.15,0.0,0.4,0.2,0.2,0.29436413714212945
0.15,0.0,0.4,0.2,0.4,0.5171762419163355
0.15,0.0,0.4,0.2,0.6,0.7115947542956074
0.15,0.0,0.4,0.2,0.8,0.8658764801500243
0.15,0.0,0.4,0.8,-0.4,0.16532487712877106
0.15,0.0,0.4,0.8,-0.2,0.36106906297494884
0.15,0.0,0.4,0.8,0.0,0.5059689938953614
0.15,0.0,0.4,0.8,0.2,0.6041929699485298
0.15,0.0,0.4,0.8,0.4,0.6894399300498686
0.15,0.0,0.4,0.8,0.6,0.7800488351990751
0.15,0.0,0.4,0.8,0.8,0.8745725181910338
0.175,0.0,0.1,0.2,-0.4,-0.29499676630623484
0.175,0.0,0.1,0.2,-0.2,-0.0915981832789498
0.175,0.0,0.1,0.2,0.0,0.13304059121253778
0.175,0.0,0.1,0.2,0.2,0.342202577949144
0.175,0.0,0.1,0.2,0.4,0.5359551734764817
0.175,0.0,0.1,0.2,0.6,0.7298458731134992
0.175,0.0,0.1,0.2,0.8,0.8896796096409946
0.175,0.0,0.1,0.8,-0.4,0.6707573315054125
0.175,0.0,0.1,0.8,-0.2,0.7035576108382512
0.175,0.0,0.1,0.8,0.0,0.7477442178297485
0.175,0.0,0.1,0.8,0.2,0.7772945539734217
0.175,0.0,0.1,0.8,0.4,0.8142431582934256
0.175,0.0,0.1,0.8,0.6,0.85641737991611
0.175,0.0,0.1,0.8,0.8,0.9098321425731637
0.175,0.0,0.4,0.2,-0.4,-0.37040870714391105
0.175,0.0,0.4,0.2,-0.2,-0.15086557721353888
0.175,0.0,0.4,0.2,0.0,0.0739620018485203
0.175,0.0,0.4,0.2,0.2,0.3047205764678728
0.175,0.0,0.4,0.2,0.4,0.5246176583833642
0.175,0.0,0.4,0.2,0.6,0.715082622140843
0.175,0.0,0.4,0.2,0.8,0.8641207684809871
0.175,0.0,0.4,0.8,-0.4,0.15333309255021668
0.175,0.0,0.4,0.8,-0.2,0.32737814560780676
0.175,0.0,0.4,0.8,0.0,0.4393583533072775
0.175,0.0,0.4,0.8,0.2,0.5559912100975967
0.175,0.0,0.4,0.8,0.4,0.6501200302687481
0.175,0.0,0.4,0.8,0.6,0.755022751481896
0.175,0.0,0.4,0.8,0.8,0.8624534769903792
0.2,0.0,0.1,0.2,-0.4,-0.28930783909662444
0.2,0.0,0.1,0.2,-0.2,-0.07522276097171626
0.2,0.0,0.1,0.2,0.0,0.1359371517814609
0.2,0.0,0.1,0.2,0.2,0.33741245108938445
0.2,0.0,0.1,0.2,0.4,0.5479151605139252
0.2,0.0,0.1,0.2,0.6,0.7379626287247457
0.2,0.0,0.1,0.2,0.8,0.8906324714089532
0.2,0.0,0.1,0.8,-0.4,0.318562581516394
0.2,0.0,0.1,0.8,-0.2,0.41431079545158
0.2,0.0,0.1,0.8,0.0,0.501405149268879
0.2,0.0,0.1,0.8,0.2,0.5776696671523857
0.2,0.0,0.1,0.8,0.4,0.6528955945157946
0.2,0.0,0.1,0.8,0.6,0.7531921226585883
0.2,0.0,0.1,0.8,0.8,0.8565281556246556
0.2,0.0,0.4,0.2,-0.4,-0.36582962201038133
0.2,0.0,0.4,0.2,-0.2,-0.14198016181294235
0.2,0.0,0.4,0.2,0.0,0.08548555402366464
0.2,0.0,0.4,0.2,0.2,0.31463613249522115
0.2,0.0,0.4,0.2,0.4,0.5302384940171737
0.2,0.0,0.4,0.2,0.6,0.7146263471759082
0.2,0.0,0.4,0.2,0.8,0.8623700916855146
0.2,0.0,0.4,0.8,-0.4,0.07283513217349709
0.2,0.0,0.4,0.8,-0.2,0.24562075986206663
0.2,0.0,0.4,0.8,0.0,0.37683500019088134
0.2,0.0,0.4,0.8,0.2,0.5025869301994456
0.2,0.0,0.4,0.8,0.4,0.6122456101664671
0.2,0.0,0.4,0.8,0.6,0.7324921655930471
0.2,0.0,0.4,0.8,0.8,0.8489156539128851
0.225,0.0,0.1,0.2,-0.4,-0.2960794904792333
0.225,0.0,0.1,0.2,-0.2,-0.07015786631653835
0.225,0.0,0.1,0.2,0.0,0.11616645038263637
0.225,0.0,0.1,0.2,0.2,0.34248051442839716
0.225,0.0,0.1,0.2,0.4,0.5554199618361465
0.225,0.0,0.1,0.2,0.6,0.741253773261611
0.225,0.0,0.1,0.2,0.8,0.8917451510827007
0.225,0.0,0.1,0.8,-0.4,-0.2366699918667135
0.225,0.0,0.1,0.8,-0.2,-0.03304545524174574
0.225,0.0,0.1,0.8,0.0,0.15760363935668256
0.225,0.0,0.1,0.8,0.2,0.3232154495604569
0.225,0.0,0.1,0.8,0.4,0.4889217323558471
0.225,0.0,0.1,0.8,0.6,0.6542448174809047
0.225,0.0,0.1,0.8,0.8,0.8182479695818387
0.225,0.0,0.4,0.2,-0.4,-0.3587213791003245
0.225,0.0,0.4,0.2,-0.2,-0.1338333371014789
0.225,0.0,0.4,0.2,0.0,0.0960453038855986
0.225,0.0,0.4,0.2,0.2,0.3251680647881634
0.225,0.0,0.4,0.2,0.4,0.537218102277286
0.225,0.0,0.4,0.2,0.6,0.7147065543842808
0.225,0.0,0.4,0.2,0.8,0.8571058732089695
0.225,0.0,0.4,0.8,-0.4,-0.00606670573325425
0.225,0.0,0.4,0.8,-0.2,0.16222730223474577
0.225,0.0,0.4,0.8,0.0,0.3155627181902808
0.225,0.0,0.4,0.8,0.2,0.4476111628542997
0.225,0.0,0.4,0.8,0.4,0.5764675827919072
0.225,0.0,0.4,0.8,0.6,0.7006945031868682
0.225,0.0,0.4,0.8,0.8,0.8395106747609946
0.25,0.0,0.1,0.2,-0.4,-0.3086378328016051
0.25,0.0,0.1,0.2,-0.2,-0.07584140702404898
0.25,0.0,0.1,0.2,0.0,0.1455832237399008
0.25,0.0,0.1,0.2,0.2,0.3424545640435628
0.25,0.0,0.1,0.2,0.4,0.5646884964402353
0.25,0.0,0.1,0.2,0.6,0.7464161485834403
0.25,0.0,0.1,0.2,0.8,0.8924667694876495
0.25,0.0,0.1,0.8,-0.4,-0.3847861670858464
0.25,0.0,0.1,0.8,-0.2,-0.18260684205272112
0.25,0.0,0.1,0.8,0.0,0.01844688912095967
0.25,0.0,0.1,0.8,0.2,0.21646021417749955
0.25,0.0,0.1,0.8,0.4,0.41321396663687887
0.25,0.0,0.1,0.8,0.6,0.6080851646111063
0.25,0.0,0.1,0.8,0.8,0.8030886296592441
0.25,0.0,0.4,0.2,-0.4,-0.3524213182257939
0.25,0.0,0.4,0.2,-0.2,-0.12425231791882618
0.25,0.0,0.4,0.2,0.0,0.108646000365782
0.25,0.0,0.4,0.2,0.2,0.33454058507240947
0.25,0.0,0.4,0.2,0.4,0.5390563618378671
0.25,0.0,0.4,0.2,0.6,0.7117069869517427
0.25,0.0,0.4,0.2,0.8,0.857033971790756
0.25,0.0,0.4,0.8,-0.4,-0.0967994529621576
0.25,0.0,0.4,0.8,-0.2,0.07986204154568484
0.25,0.0,0.4,0.8,0.0,0.2365124949824909
0.25,0.0,0.4,0.8,0.2,0.39821940738389305
0.25,0.0,0.4,0.8,0.4,0.5409759519566837
0.25,0.0,0.4,0.8,0.6,0.6844164592795281
0.25,0.0,0.4,0.8,0.8,0.8327063466391127
0.275,0.0,0.1,0.2,-0.4,-0.28968553934242935
0.275,0.0,0.1,0.2,-0.2,-0.06399359371488757
0.275,0.0,0.1,0.2,0.0,0.14054243934730845
0.275,0.0,0.1,0.2,0.2,0.3566809087396308
0.275,0.0,0.1,0.2,0.4,0.5733151544449707
0.275,0.0,0.1,0.2,0.6,0.7511972024586065
0.275,0.0,0.1,0.2,0.8,0.8937731382150218
0.275,0.0,0.1,0.8,-0.4,-0.3992012630534157
0.275,0.0,0.1,0.8,-0.2,-0.1990891487361989
0.275,0.0,0.1,0.8,0.0,0.0010303855828455726
0.275,0.0,0.1,0.8,0.2,0.20090457941191314
0.275,0.0,0.1,0.8,0.4,0.40071383561700064
0.275,0.0,0.1,0.8,0.6,0.6005500399824293
0.275,0.0,0.1,0.8,0.8,0.8002184524074253
0.275,0.0,0.4,0.2,-0.4,-0.34554290301319684
0.275,0.0,0.4,0.2,-0.2,-0.11565237063761777
0.275,0.0,0.4,0.2,0.0,0.11609516850678152
0.275,0.0,0.4,0.2,0.2,0.3419575345071546
0.275,0.0,0.4,0.2,0.4,0.5415049415390082
0.275,0.0,0.4,0.2,0.6,0.7123718160803564
0.275,0.0,0.4,0.2,0.8,0.8555231672932447
0.275,0.0,0.4,0.8,-0.4,-0.17692488980277016
0.275,0.0,0.4,0.8,-0.2,0.019188079934037424
0.275,0.0,0.4,0.8,0.0,0.18908315947144605
0.275,0.0,0.4,0.8,0.2,0.3517326434251073
0.275,0.0,0.4,0.8,0.4,0.5070482177145826
0.275,0.0,0.4,0.8,0.6,0.6613723701506972
0.275,0.0,0.4,0.8,0.8,0.8256389098874632
0.3,0.0,0.1,0.2,-0.4,-0.2817385602950302
0.3,0.0,0.1,0.2,-0.2,-0.07494887629036469
0.3,0.0,0.1,0.2,0.0,0.15694337325739374
0.3,0.0,0.1,0.2,0.2,0.3715052297315709
0.3,0.0,0.1,0.2,0.4,0.5760555629977643
0.3,0.0,0.1,0.2,0.6,0.7546173239525414
0.3,0.0,0.1,0.2,0.8,0.8941797160987566
0.3,0.0,0.1,0.8,-0.4,-0.3999744071834643
0.3,0.0,0.1,0.8,-0.2,-0.1999690851237128
0.3,0.0,0.1,0.8,0.0,3.298867330916603e-5
0.3,0.0,0.1,0.8,0.2,0.20003166456175211
0.3,0.0,0.1,0.8,0.4,0.4000270549019834
0.3,0.0,0.1,0.8,0.6,0.6000178644720621
0.3,0.0,0.1,0.8,0.8,0.8000092261256541
0.3,0.0,0.4,0.2,-0.4,-0.33797371059706965
0.3,0.0,0.4,0.2,-0.2,-0.10698091345672398
0.3,0.0,0.4,0.2,0.0,0.1265849817998865
0.3,0.0,0.4,0.2,0.2,0.34908017588283224
0.3,0.0,0.4,0.2,0.4,0.5435856517263599
0.3,0.0,0.4,0.2,0.6,0.7072281573164214
0.3,0.0,0.4,0.2,0.8,0.8509831072530839
0.3,0.0,0.4,0.8,-0.4,-0.2389800342305044
0.3,0.0,0.4,0.8,-0.2,-0.036720865735968264
0.3,0.0,0.4,0.8,0.0,0.14285343447045454
0.3,0.0,0.4,0.8,0.2,0.3130670436125864
0.3,0.0,0.4,0.8,0.4,0.4839182753813564
0.3,0.0,0.4,0.8,0.6,0.648924610190108
0.3,0.0,0.4,0.8,0.8,0.8184040071858487
0.325,0.0,0.1,0.2,-0.4,-0.29610325921554803
0.325,0.0,0.1,0.2,-0.2,-0.07873456530855825
0.325,0.0,0.1,0.2,0.0,0.16255743505314008
0.325,0.0,0.1,0.2,0.2,0.37597923535943467
0.325,0.0,0.1,0.2,0.4,0.5848727560492201
0.325,0.0,0.1,0.2,0.6,0.757742134243197
0.325,0.0,0.1,0.2,0.8,0.8942126069564466
0.325,0.0,0.1,0.8,-0.4,-0.39999950418184793
0.325,0.0,0.1,0.8,-0.2,-0.1999993868503842
0.325,0.0,0.1,0.8,0.0,8.503830942047944e-7
0.325,0.0,0.1,0.8,0.2,0.20000072066196692
0.325,0.0,0.1,0.8,0.4,0.40000064130190305
0.325,0.0,0.1,0.8,0.6,0.6000004471289123
0.325,0.0,0.1,0.8,0.8,0.8000002316226047
0.325,0.0,0.4,0.2,-0.4,-0.3304213476821281
0.325,0.0,0.4,0.2,-0.2,-0.09522503139899804
0.325,0.0,0.4,0.2,0.0,0.13509869799208402
0.325,0.0,0.4,0.2,0.2,0.3534226940648348
0.325,0.0,0.4,0.2,0.4,0.5410101974728929
0.325,0.0,0.4,0.2,0.6,0.7054072624475304
0.325,0.0,0.4,0.2,0.8,0.8494368656310437
0.325,0.0,0.4,0.8,-0.4,-0.28912466805651577
0.325,0.0,0.4,0.8,-0.2,-0.08489921847258151
0.325,0.0,0.4,0.8,0.0,0.10168748313857633
0.325,0.0,0.4,0.8,0.2,0.2861204488041723
0.325,0.0,0.4,0.8,0.4,0.46552519236610673
0.325,0.0,0.4,0.8,0.6,0.639571096501939
0.325,0.0,0.4,0.8,0.8,0.8150189923756865
0.35,0.0,0.1,0.2,-0.4,-0.27794622005223574
0.35,0.0,0.1,0.2,-0.2,-0.05489274761577077
0.35,0.0,0.1,0.2,0.0,0.1694606042923223
0.35,0.0,0.1,0.2,0.2,0.3925221918955101
0.35,0.0,0.1,0.2,0.4,0.592958169740574
0.35,0.0,0.1,0.2,0.6,0.7620602916389719
0.35,0.0,0.1,0.2,0.8,0.8945998209872649
0.35,0.0,0.1,0.8,-0.4,-0.39999998554309135
0.35,0.0,0.1,0.8,-0.2,-0.19999998751827325
0.35,0.0,0.1,0.8,0.0,1.1216127488117284e-8
0.35,0.0,0.1,0.8,0.2,0.20000001230407127
0.35,0.0,0.1,0.8,0.4,0.4000000105871702
0.35,0.0,0.1,0.8,0.6,0.6000000087785743
0.35,0.0,0.1,0.8,0.8,0.8000000041814912
0.35,0.0,0.4,0.2,-0.4,-0.32299437486377186
0.35,0.0,0.4,0.2,-0.2,-0.08657932638976884
0.35,0.0,0.4,0.2,0.0,0.14277115272825952
0.35,0.0,0.4,0.2,0.2,0.3562319939675111
0.35,0.0,0.4,0.2,0.4,0.5410836724236898
0.35,0.0,0.4,0.2,0.6,0.7023057274579065
0.35,0.0,0.4,0.2,0.8,0.8486977822644345
0.35,0.0,0.4,0.8,-0.4,-0.32408007085306695
0.35,0.0,0.4,0.8,-0.2,-0.11584757764424948
0.35,0.0,0.4,0.8,0.0,0.07849130967464835
0.35,0.0,0.4,0.8,0.2,0.2672742871065517
0.35,0.0,0.4,0.8,0.4,0.4460358094870952
0.35,0.0,0.4,0.8,0.6,0.6285796131538913
0.35,0.0,0.4,0.8,0.8,0.8113183484303166
0.375,0.0,0.1,0.2,-0.4,-0.2810073528505409
0.375,0.0,0.1,0.2,-0.2,-0.048500709188642306
0.375,0.0,0.1,0.2,0.0,0.18393228788111976
0.375,0.0,0.1,0.2,0.2,0.4042881899315537
0.375,0.0,0.1,0.2,0.4,0.5991854901089981
0.375,0.0,0.1,0.2,0.6,0.7648526481821821
0.375,0.0,0.1,0.2,0.8,0.8931951150028645
0.375,0.0,0.1,0.8,-0.4,-0.39999999989703006
0.375,0.0,0.1,0.8,-0.2,-0.19999999970092824
0.375,0.0,0.1,0.8,0.0,1.8915154355845616e-10
0.375,0.0,0.1,0.8,0.2,0.2000000001880197
0.375,0.0,0.1,0.8,0.4,0.4000000001341178
0.375,0.0,0.1,0.8,0.6,0.6000000001419441
0.375,0.0,0.1,0.8,0.8,0.8000000000576316
0.375,0.0,0.4,0.2,-0.4,-0.3150495649475271
0.375,0.0,0.4,0.2,-0.2,-0.07738305174619652
0.375,0.0,0.4,0.2,0.0,0.1491227982194259
0.375,0.0,0.4,0.2,0.2,0.35743671174630315
0.375,0.0,0.4,0.2,0.4,0.5405731255318904
0.375,0.0,0.4,0.2,0.6,0.7005226325183236
0.375,0.0,0.4,0.2,0.8,0.8444915843569551
0.375,0.0,0.4,0.8,-0.4,-0.34308648610097153
0.375,0.0,0.4,0.8,-0.2,-0.14029407954899292
0.375,0.0,0.4,0.8,0.0,0.055009976630863246
0.375,0.0,0.4,0.8,0.2,0.24731288349691583
0.375,0.0,0.4,0.8,0.4,0.43535475540850843
0.375,0.0,0.4,0.8,0.6,0.621072113830695
0.375,0.0,0.4,0.8,0.8,0.8078534074229432
0.4,0.0,0.1,0.2,-0.4,-0.2833962472928692
0.4,0.0,0.1,0.2,-0.2,-0.03665485553347887
0.4,0.0,0.1,0.2,0.0,0.19396735757980982
0.4,0.0,0.1,0.2,0.2,0.4125757393161046
0.4,0.0,0.1,0.2,0.4,0.6053599721044908
0.4,0.0,0.1,0.2,0.6,0.7664943921619097
0.4,0.0,0.1,0.2,0.8,0.8923015974960901
0.4,0.0,0.1,0.8,-0.4,-0.39999999999943786
0.4,0.0,0.1,0.8,-0.2,-0.19999999999840606
0.4,0.0,0.1,0.8,0.0,1.9244529515043754e-12
0.4,0.0,0.1,0.8,0.2,0.2000000000023826
0.4,0.0,0.1,0.8,0.4,0.4000000000016487
0.4,0.0,0.1,0.8,0.6,0.6000000000017071
0.4,0.0,0.1,0.8,0.8,0.8000000000008223
0.4,0.0,0.4,0.2,-0.4,-0.3058184145339969
0.4,0.0,0.4,0.2,-0.2,-0.0682990277967702
0.4,0.0,0.4,0.2,0.0,0.1539458001116888
0.4,0.0,0.4,0.2,0.2,0.359612990613381
0.4,0.0,0.4,0.2,0.4,0.5396928118661766
0.4,0.0,0.4,0.2,0.6,0.6966110288385641
0.4,0.0,0.4,0.2,0.8,0.8447471976304032
0.4,0.0,0.4,0.8,-0.4,-0.3626179121695159
0.4,0.0,0.4,0.8,-0.2,-0.1594865992901412
0.4,0.0,0.4,0.8,0.0,0.03886756341145814
0.4,0.0,0.4,0.8,0.2,0.23402599774350924
0.4,0.0,0.4,0.8,0.4,0.42441237420161665
0.4,0.0,0.4,0.8,0.6,0.6153632678678715
0.4,0.0,0.4,0.8,0.8,0.806167710710383
0.425,0.0,0.1,0.2,-0.4,-0.26927351642690317
0.425,0.0,0.1,0.2,-0.2,-0.027943009913168462
0.425,0.0,0.1,0.2,0.0,0.20583711155233875
0.425,0.0,0.1,0.2,0.2,0.4221788263635298
0.425,0.0,0.1,0.2,0.4,0.6120803677635279
0.425,0.0,0.1,0.2,0.6,0.7687453570684175
0.425,0.0,0.1,0.2,0.8,0.8915955216928965
0.425,0.0,0.1,0.8,-0.4,-0.3999999999998034
0.425,0.0,0.1,0.8,-0.2,-0.19999999999995632
0.425,0.0,0.1,0.8,0.0,6.102276547358035e-14
0.425,0.0,0.1,0.8,0.2,0.20000000000002363
0.425,0.0,0.1,0.8,0.4,0.4000000000000242
0.425,0.0,0.1,0.8,0.6,0.6000000000000195
0.425,0.0,0.1,0.8,0.8,0.8000000000000104
0.425,0.0,0.4,0.2,-0.4,-0.2977910055727825
0.425,0.0,0.4,0.2,-0.2,-0.06284798986021142
0.425,0.0,0.4,0.2,0.0,0.1599531532877379
0.425,0.0,0.4,0.2,0.2,0.36219480034596924
0.425,0.0,0.4,0.2,0.4,0.533502949868965
0.425,0.0,0.4,0.2,0.6,0.6934444953054604
0.425,0.0,0.4,0.2,0.8,0.8406986102276565
0.425,0.0,0.4,0.8,-0.4,-0.37437042129222314
0.425,0.0,0.4,0.8,-0.2,-0.17017612209676863
0.425,0.0,0.4,0.8,0.0,0.027211202196348965
0.425,0.0,0.4,0.8,0.2,0.2240618188802087
0.425,0.0,0.4,0.8,0.4,0.4195371613982562
0.425,0.0,0.4,0.8,0.6,0.6126175746666428
0.425,0.0,0.4,0.8,0.8,0.8043569383321361
0.45,0.0,0.1,0.2,-0.4,-0.25988272487426367
0.45,0.0,0.1,0.2,-0.2,-0.015301628964302802
0.45,0.0,0.1,0.2,0.0,0.21662877321759416
0.45,0.0,0.1,0.2,0.2,0.4315863815311708
0.45,0.0,0.1,0.2,0.4,0.6172940471603137
0.45,0.0,0.1,0.2,0.6,0.7688210564383877
0.45,0.0,0.1,0.2,0.8,0.8896720508684937
0.45,0.0,0.1,0.8,-0.4,-0.3999999999999726
0.45,0.0,0.1,0.8,-0.2,-0.1999999999999993
0.45,0.0,0.1,0.8,0.0,6.527784569163473e-17
0.45,0.0,0.1,0.8,0.2,0.20000000000000023
0.45,0.0,0.1,0.8,0.4,0.4000000000000003
0.45,0.0,0.1,0.8,0.6,0.6000000000000001
0.45,0.0,0.1,0.8,0.8,0.8
0.45,0.0,0.4,0.2,-0.4,-0.2909491425636509
0.45,0.0,0.4,0.2,-0.2,-0.054586594040317536
0.45,0.0,0.4,0.2,0.0,0.16248290968201384
0.45,0.0,0.4,0.2,0.2,0.3553668448189096
0.45,0.0,0.4,0.2,0.4,0.532529567098783
0.45,0.0,0.4,0.2,0.6,0.6890976461154347
0.45,0.0,0.4,0.2,0.8,0.8399817140550658
0.45,0.0,0.4,0.8,-0.4,-0.38244796507676326
0.45,0.0,0.4,0.8,-0.2,-0.181671262574565
0.45,0.0,0.4,0.8,0.0,0.019894423361118477
0.45,0.0,0.4,0.8,0.2,0.2171685174608341
0.45,0.0,0.4,0.8,0.4,0.4130891898545579
0.45,0.0,0.4,0.8,0.6,0.6083552757611321
0.45,0.0,0.4,0.8,0.8,0.803402912254235
0.475,0.0,0.1,0.2,-0.4,-0.24520200255995467
0.475,0.0,0.1,0.2,-0.2,-0.0007021958971277514
0.475,0.0,0.1,0.2,0.0,0.22863353085722138
0.475,0.0,0.1,0.2,0.2,0.4406071288188848
0.475,0.0,0.1,0.2,0.4,0.6209477248708416
0.475,0.0,0.1,0.2,0.6,0.7695659272059145
0.475,0.0,0.1,0.2,0.8,0.8868035450724344
0.475,0.0,0.1,0.8,-0.4,-0.3999999999999998
0.475,0.0,0.1,0.8,-0.2,-0.19999999999999993
0.475,0.0,0.1,0.8,0.0,1.232538288699015e-17
0.475,0.0,0.1,0.8,0.2,0.20000000000000004
0.475,0.0,0.1,0.8,0.4,0.39999999999999997
0.475,0.0,0.1,0.8,0.6,0.6
0.475,0.0,0.1,0.8,0.8,0.8
0.475,0.0,0.4,0.2,-0.4,-0.2841756914010401
0.475,0.0,0.4,0.2,-0.2,-0.04971813033880307
0.475,0.0,0.4,0.2,0.0,0.16168222946588917
0.475,0.0,0.4,0.2,0.2,0.35469820686145914
0.475,0.0,0.4,0.2,0.4,0.5293306132224169
0.475,0.0,0.4,0.2,0.6,0.6884911804177243
0.475,0.0,0.4,0.2,0.8,0.8384275553747297
0.475,0.0,0.4,0.8,-0.4,-0.3880664707866346
0.475,0.0,0.4,0.8,-0.2,-0.18489334180467362
0.475,0.0,0.4,0.8,0.0,0.014187909537939917
0.475,0.0,0.4,0.8,0.2,0.21278587122957074
0.475,0.0,0.4,0.8,0.4,0.40964235121412446
0.475,0.0,0.4,0.8,0.6,0.6059007095080197
0.475,0.0,0.4,0.8,0.8,0.8024515166470287
0.5,0.0,0.1,0.2,-0.4,-0.2333954881099511
0.5,0.0,0.1,0.2,-0.2,0.01427562610917167
0.5,0.0,0.1,0.2,0.0,0.24203964634610156
0.5,0.0,0.1,0.2,0.2,0.4496002470864505
0.5,0.0,0.1,0.2,0.4,0.6255135277192571
0.5,0.0,0.1,0.2,0.6,0.7686385656210197
0.5,0.0,0.1,0.2,0.8,0.8846356159945871
0.5,0.0,0.1,0.8,-0.4,-0.4
0.5,0.0,0.1,0.8,-0.2,-0.19999999999999998
0.5,0.0,0.1,0.8,0.0,3.856086978633006e-19
0.5,0.0,0.1,0.8,0.2,0.20000000000000004
0.5,0.0,0.1,0.8,0.4,0.39999999999999997
0.5,0.0,0.1,0.8,0.6,0.6
0.5,0.0,0.1,0.8,0.8,0.8
0.5,0.0,0.4,0.2,-0.4,-0.2767326347910879
0.5,0.0,0.4,0.2,-0.2,-0.045474640892334536
0.5,0.0,0.4,0.2,0.0,0.16284316772727364
0.5,0.0,0.4,0.2,0.2,0.3531218041116875
0.5,0.0,0.4,0.2,0.4,0.5224546919630877
0.5,0.0,0.4,0.2,0.6,0.6827634686107301
0.5,0.0,0.4,0.2,0.8,0.8359698860228254
0.5,0.0,0.4,0.8,-0.4,-0.3919323950971169
0.5,0.0,0.4,0.8,-0.2,-0.19032582900711106
0.5,0.0,0.4,0.8,0.0,0.009878680714712698
0.5,0.0,0.4,0.8,0.2,0.20938881771232326
0.5,0.0,0.4,0.8,0.4,0.4071082998934282
0.5,0.0,0.4,0.8,0.6,0.6046318412457629
0.5,0.0,0.4,0.8,0.8,0.8017920526400961
0.525,0.0,0.1,0.2,-0.4,-0.2187248357590862
0.525,0.0,0.1,0.2,-0.2,0.027183322160151218
0.525,0.0,0.1,0.2,0.0,0.25454344486936326
0.525,0.0,0.1,0.2,0.2,0.45811537968817195
0.525,0.0,0.1,0.2,0.4,0.6278146473144156
0.525,0.0,0.1,0.2,0.6,0.7665241334010539
0.525,0.0,0.1,0.2,0.8,0.8801217753421674
0.525,0.0,0.1,0.8,-0.4,-0.4
0.525,0.0,0.1,0.8,-0.2,-0.20000000000000004
0.525,0.0,0.1,0.8,0.0,1.4225877150230153e-21
0.525,0.0,0.1,0.8,0.2,0.20000000000000004
0.525,0.0,0.1,0.8,0.4,0.4000000000000001
0.525,0.0,0.1,0.8,0.6,0.6
0.525,0.0,0.1,0.8,0.8,0.8000000000000002
0.525,0.0,0.4,0.2,-0.4,-0.27239591230444643
0.525,0.0,0.4,0.2,-0.2,-0.0420649162467519
0.525,0.0,0.4,0.2,0.0,0.16326171089295224
0.525,0.0,0.4,0.2,0.2,0.35033263695105127
0.525,0.0,0.4,0.2,0.4,0.5192191073927983
0.525,0.0,0.4,0.2,0.6,0.6785883162542736
0.525,0.0,0.4,0.2,0.8,0.8349610787717046
0.525,0.0,0.4,0.8,-0.4,-0.39393689793856834
0.525,0.0,0.4,0.8,-0.2,-0.19302878775845445
0.525,0.0,0.4,0.8,0.0,0.007283087680109197
0.525,0.0,0.4,0.8,0.2,0.20663123316599794
0.525,0.0,0.4,0.8,0.4,0.405485446797261
0.525,0.0,0.4,0.8,0.6,0.6032594210134347
0.525,0.0,0.4,0.8,0.8,0.801327936548264
0.55,0.0,0.1,0.2,-0.4,-0.2031237599698958
0.55,0.0,0.1,0.2,-0.2,0.04360113385482439
0.55,0.0,0.1,0.2,0.0,0.26614003504232736
0.55,0.0,0.1,0.2,0.2,0.4636419265526644
0.55,0.0,0.1,0.2,0.4,0.6285442079211591
0.55,0.0,0.1,0.2,0.6,0.7640235756467382
0.55,0.0,0.1,0.2,0.8,0.876280799239388
0.55,0.0,0.1,0.8,-0.4,-0.39999999999999997
0.55,0.0,0.1,0.8,-0.2,-0.19999999999999998
0.55,0.0,0.1,0.8,0.0,1.688047670505561e-21
0.55,0.0,0.1,0.8,0.2,0.2
0.55,0.0,0.1,0.8,0.4,0.39999999999999997
0.55,0.0,0.1,0.8,0.6,0.6
0.55,0.0,0.1,0.8,0.8,0.8000000000000002
0.55,0.0,0.4,0.2,-0.4,-0.2658288638687812
0.55,0.0,0.4,0.2,-0.2,-0.042284989996788966
0.55,0.0,0.4,0.2,0.0,0.1595092097639401
0.55,0.0,0.4,0.2,0.2,0.3445371449748505
0.55,0.0,0.4,0.2,0.4,0.5178142982199277
0.55,0.0,0.4,0.2,0.6,0.6756862375173616
0.55,0.0,0.4,0.2,0.8,0.8322736038024693
0.55,0.0,0.4,0.8,-0.4,-0.39575073336574634
0.55,0.0,0.4,0.8,-0.2,-0.1949224578125347
0.55,0.0,0.4,0.8,0.0,0.0049905438105198475
0.55,0.0,0.4,0.8,0.2,0.2044589948353005
0.55,0.0,0.4,0.8,0.4,0.40392953611142046
0.55,0.0,0.4,0.8,0.6,0.6023450561480356
0.55,0.0,0.4,0.8,0.8,0.8009362213976063
0.575,0.0,0.1,0.2,-0.4,-0.18888915528289724
0.575,0.0,0.1,0.2,-0.2,0.05590572687388538
0.575,0.0,0.1,0.2,0.0,0.2779118547333449
0.575,0.0,0.1,0.2,0.2,0.468544960605607
0.575,0.0,0.1,0.2,0.4,0.6267913779931008
0.575,0.0,0.1,0.2,0.6,0.7594709215023973
0.575,0.0,0.1,0.2,0.8,0.8733960333442593
0.575,0.0,0.1,0.8,-0.4,-0.4
0.575,0.0,0.1,0.8,-0.2,-0.19999999999999998
0.575,0.0,0.1,0.8,0.0,1.6627787857771894e-23
0.575,0.0,0.1,0.8,0.2,0.2
0.575,0.0,0.1,0.8,0.4,0.4
0.575,0.0,0.1,0.8,0.6,0.6
0.575,0.0,0.1,0.8,0.8,0.8000000000000002
0.575,0.0,0.4,0.2,-0.4,-0.2623343005433334
0.575,0.0,0.4,0.2,-0.2,-0.039771218690464245
0.575,0.0,0.4,0.2,0.0,0.15742578178696576
0.575,0.0,0.4,0.2,0.2,0.34407218810058965
0.575,0.0,0.4,0.2,0.4,0.5135959865611508
0.575,0.0,0.4,0.2,0.6,0.6723274859628068
0.575,0.0,0.4,0.2,0.8,0.8308253336039899
0.575,0.0,0.4,0.8,-0.4,-0.3969341721034444
0.575,0.0,0.4,0.8,-0.2,-0.19633591806455822
0.575,0.0,0.4,0.8,0.0,0.0036781366653063454
0.575,0.0,0.4,0.8,0.2,0.2033785594839445
0.575,0.0,0.4,0.8,0.4,0.402661023560504
0.575,0.0,0.4,0.8,0.6,0.60182594001699
0.575,0.0,0.4,0.8,0.8,0.8006660663625582
0.6,0.0,0.1,0.2,-0.4,-0.17364563078100823
0.6,0.0,0.1,0.2,-0.2,0.07106024616452553
0.6,0.0,0.1,0.2,0.0,0.28600271874198857
0.6,0.0,0.1,0.2,0.2,0.470268968824079
0.6,0.0,0.1,0.2,0.4,0.625060152903552
0.6,0.0,0.1,0.2,0.6,0.7523122293123499
0.6,0.0,0.1,0.2,0.8,0.8672707240686744
0.6,0.0,0.1,0.8,-0.4,-0.39999999999999997
0.6,0.0,0.1,0.8,-0.2,-0.20000000000000004
0.6,0.0,0.1,0.8,0.0,8.103490755595523e-24
0.6,0.0,0.1,0.8,0.2,0.20000000000000004
0.6,0.0,0.1,0.8,0.4,0.4
0.6,0.0,0.1,0.8,0.6,0.6
0.6,0.0,0.1,0.8,0.8,0.8
0.6,0.0,0.4,0.2,-0.4,-0.25946255215581077
0.6,0.0,0.4,0.2,-0.2,-0.04070160874747313
0.6,0.0,0.4,0.2,0.0,0.15335936622929022
0.6,0.0,0.4,0.2,0.2,0.3377834810727205
0.6,0.0,0.4,0.2,0.4,0.50313695220462
0.6,0.0,0.4,0.2,0.6,0.6695508367073316
0.6,0.0,0.4,0.2,0.8,0.8287608341581663
0.6,0.0,0.4,0.8,-0.4,-0.39774345907331454
0.6,0.0,0.4,0.8,-0.2,-0.19765560602760435
0.6,0.0,0.4,0.8,0.0,0.0026415024494658036
0.6,0.0,0.4,0.8,0.2,0.20220858880595602
0.6,0.0,0.4,0.8,0.4,0.4019810915850059
0.6,0.0,0.4,0.8,0.6,0.6012914559480943
0.6,0.0,0.4,0.8,0.8,0.8005133304996039
0.625,0.0,0.1,0.2,-0.4,-0.15848646790444185
0.625,0.0,0.1,0.2,-0.2,0.08311926470926093
0.625,0.0,0.1,0.2,0.0,0.2930312959494456
0.625,0.0,0.1,0.2,0.2,0.4697892663705261
0.625,0.0,0.1,0.2,0.4,0.6167926213532292
0.625,0.0,0.1,0.2,0.6,0.7438955165133528
0.625,0.0,0.1,0.2,0.8,0.8622964742671964
0.625,0.0,0.1,0.8,-0.4,-0.4
0.625,0.0,0.1,0.8,-0.2,-0.2
0.625,0.0,0.1,0.8,0.0,7.157289816397825e-27
0.625,0.0,0.1,0.8,0.2,0.2
0.625,0.0,0.1,0.8,0.4,0.4000000000000001
0.625,0.0,0.1,0.8,0.6,0.5999999999999999
0.625,0.0,0.1,0.8,0.8,0.8
0.625,0.0,0.4,0.2,-0.4,-0.2587161262168722
0.625,0.0,0.4,0.2,-0.2,-0.043464493135143945
0.625,0.0,0.4,0.2,0.0,0.15181770195603164
0.625,0.0,0.4,0.2,0.2,0.3330119138093493
0.625,0.0,0.4,0.2,0.4,0.5024133414369121
0.625,0.0,0.4,0.2,0.6,0.6655430723029495
0.625,0.0,0.4,0.2,0.8,0.8282712252313361
0.625,0.0,0.4,0.8,-0.4,-0.39848411034962544
0.625,0.0,0.4,0.8,-0.2,-0.19830741213822017
0.625,0.0,0.4,0.8,0.0,0.0017468740387635174
0.625,0.0,0.4,0.8,0.2,0.201747113773637
0.625,0.0,0.4,0.8,0.4,0.4014042909682437
0.625,0.0,0.4,0.8,0.6,0.6009447027940023
0.625,0.0,0.4,0.8,0.8,0.8003904961325031
0.65,0.0,0.1,0.2,-0.4,-0.14429164654618537
0.65,0.0,0.1,0.2,-0.2,0.09364460835330692
0.65,0.0,0.1,0.2,0.0,0.29565834646078315
0.65,0.0,0.1,0.2,0.2,0.46415404604182525
0.65,0.0,0.1,0.2,0.4,0.610494787070758
0.65,0.0,0.1,0.2,0.6,0.7357750692922801
0.65,0.0,0.1,0.2,0.8,0.8571716064605207
0.65,0.0,0.1,0.8,-0.4,-0.4
0.65,0.0,0.1,0.8,-0.2,-0.20000000000000004
0.65,0.0,0.1,0.8,0.0,3.882283670067526e-26
0.65,0.0,0.1,0.8,0.2,0.2
0.65,0.0,0.1,0.8,0.4,0.4000000000000001
0.65,0.0,0.1,0.8,0.6,0.6
0.65,0.0,0.1,0.8,0.8,0.7999999999999999
0.65,0.0,0.4,0.2,-0.4,-0.2577378451546799
0.65,0.0,0.4,0.2,-0.2,-0.04697782876277759
0.65,0.0,0.4,0.2,0.0,0.1493881973467187
0.65,0.0,0.4,0.2,0.2,0.33007208670291527
0.65,0.0,0.4,0.2,0.4,0.4990445928946252
0.65,0.0,0.4,0.2,0.6,0.6614027933026855
0.65,0.0,0.4,0.2,0.8,0.8258928870673178
0.65,0.0,0.4,0.8,-0.4,-0.3989694210020712
0.65,0.0,0.4,0.8,-0.2,-0.19868210423896612
0.65,0.0,0.4,0.8,0.0,0.0013370902063189018
0.65,0.0,0.4,0.8,0.2,0.20117228535884074
0.65,0.0,0.4,0.8,0.4,0.4010357848710417
0.65,0.0,0.4,0.8,0.6,0.6006790885619924
0.65,0.0,0.4,0.8,0.8,0.8002872499034327
0.675,0.0,0.1,0.2,-0.4,-0.12989012698091326
0.675,0.0,0.1,0.2,-0.2,0.09861949798705348
0.675,0.0,0.1,0.2,0.0,0.29072299274305585
0.675,0.0,0.1,0.2,0.2,0.45630770562911893
0.675,0.0,0.1,0.2,0.4,0.5945289397320477
0.675,0.0,0.1,0.2,0.6,0.7237251933290973
0.675,0.0,0.1,0.2,0.8,0.8509473826501412
0.675,0.0,0.1,0.8,-0.4,-0.39999999999999997
0.675,0.0,0.1,0.8,-0.2,-0.20000000000000004
0.675,0.0,0.1,0.8,0.0,4.544572160416559e-25
0.675,0.0,0.1,0.8,0.2,0.20000000000000007
0.675,0.0,0.1,0.8,0.4,0.4000000000000001
0.675,0.0,0.1,0.8,0.6,0.6
0.675,0.0,0.1,0.8,0.8,0.7999999999999999
0.675,0.0,0.4,0.2,-0.4,-0.2570972228550498
0.675,0.0,0.4,0.2,-0.2,-0.05374269697173853
0.675,0.0,0.4,0.2,0.0,0.13954409777982066
0.675,0.0,0.4,0.2,0.2,0.3219379462423679
0.675,0.0,0.4,0.2,0.4,0.4950914428578377
0.675,0.0,0.4,0.2,0.6,0.6587553772662832
0.675,0.0,0.4,0.2,0.8,0.8253953378301793
0.675,0.0,0.4,0.8,-0.4,-0.39916925872772463
0.675,0.0,0.4,0.8,-0.2,-0.19911113146581252
0.675,0.0,0.4,0.8,0.0,0.0009468275602900427
0.675,0.0,0.4,0.8,0.2,0.20087318693590034
0.675,0.0,0.4,0.8,0.4,0.4007310867533917
0.675,0.0,0.4,0.8,0.6,0.6004789037514175
0.675,0.0,0.4,0.8,0.8,0.800202841703806
0.7,0.0,0.1,0.2,-0.4,-0.12109877876002186
0.7,0.0,0.1,0.2,-0.2,0.09960160266726228
0.7,0.0,0.1,0.2,0.0,0.27868484366580193
0.7,0.0,0.1,0.2,0.2,0.43797304829440803
0.7,0.0,0.1,0.2,0.4,0.5778302105827258
0.7,0.0,0.1,0.2,0.6,0.7161238815914828
0.7,0.0,0.1,0.2,0.8,0.8482395223063665
0.7,0.0,0.1,0.8,-0.4,-0.4
0.7,0.0,0.1,0.8,-0.2,-0.20000000000000004
0.7,0.0,0.1,0.8,0.0,1.3663293276911113e-28
0.7,0.0,0.1,0.8,0.2,0.20000000000000004
0.7,0.0,0.1,0.8,0.4,0.4
0.7,0.0,0.1,0.8,0.6,0.5999999999999999
0.7,0.0,0.1,0.8,0.8,0.8000000000000002
0.7,0.0,0.4,0.2,-0.4,-0.2578603853437612
0.7,0.0,0.4,0.2,-0.2,-0.05440243238457611
0.7,0.0,0.4,0.2,0.0,0.13885071019378015
0.7,0.0,0.4,0.2,0.2,0.31990284614245634
0.7,0.0,0.4,0.2,0.4,0.4891226206508426
0.7,0.0,0.4,0.2,0.6,0.659003724911235
0.7,0.0,0.4,0.2,0.8,0.8246495289289555
0.7,0.0,0.4,0.8,-0.4,-0.39946153767384396
0.7,0.0,0.4,0.8,-0.2,-0.19933328564023678
0.7,0.0,0.4,0.8,0.0,0.0006526916962894447
0.7,0.0,0.4,0.8,0.2,0.20065477587017344
0.7,0.0,0.4,0.8,0.4,0.40055640311557794
0.7,0.0,0.4,0.8,0.6,0.6003886326477942
0.7,0.0,0.4,0.8,0.8,0.8001538516424349
0.725,0.0,0.1,0.2,-0.4,-0.12412183051250646
0.725,0.0,0.1,0.2,-0.2,0.08496400103845042
0.725,0.0,0.1,0.2,0.0,0.26425247867229684
0.725,0.0,0.1,0.2,0.2,0.415814383541751
0.725,0.0,0.1,0.2,0.4,0.562342738101132
0.725,0.0,0.1,0.2,0.6,0.6993318676030563
0.725,0.0,0.1,0.2,0.8,0.8419171448197524
0.725,0.0,0.1,0.8,-0.4,-0.4
0.725,0.0,0.1,0.8,-0.2,-0.20000000000000004
0.725,0.0,0.1,0.8,0.0,1.7752489405030295e-27
0.725,0.0,0.1,0.8,0.2,0.19999999999999998
0.725,0.0,0.1,0.8,0.4,0.4000000000000001
0.725,0.0,0.1,0.8,0.6,0.5999999999999999
0.725,0.0,0.1,0.8,0.8,0.8
0.725,0.0,0.4,0.2,-0.4,-0.26372643679975744
0.725,0.0,0.4,0.2,-0.2,-0.060155919242410455
0.725,0.0,0.4,0.2,0.0,0.12815440116423338
0.725,0.0,0.4,0.2,0.2,0.3131955439969515
0.725,0.0,0.4,0.2,0.4,0.48358432273593555
0.725,0.0,0.4,0.2,0.6,0.6527146808374861
0.725,0.0,0.4,0.2,0.8,0.821742776807517
0.725,0.0,0.4,0.8,-0.4,-0.3995825034183808
0.725,0.0,0.4,0.8,-0.2,-0.19952560675778752
0.725,0.0,0.4,0.8,0.0,0.0005069720215129417
0.725,0.0,0.4,0.8,0.2,0.20048446394995667
0.725,0.0,0.4,0.8,0.4,0.4003821907691403
0.725,0.0,0.4,0.8,0.6,0.6002785317558825
0.725,0.0,0.4,0.8,0.8,0.8001107704335116
0.75,0.0,0.1,0.2,-0.4,-0.13244533253852997
0.75,0.0,0.1,0.2,-0.2,0.06375266617699456
0.75,0.0,0.1,0.2,0.0,0.23472012441465023
0.75,0.0,0.1,0.2,0.2,0.39802149632428596
0.75,0.0,0.1,0.2,0.4,0.5355814991766238
0.75,0.0,0.1,0.2,0.6,0.6868138183923993
0.75,0.0,0.1,0.2,0.8,0.8341028214750499
0.75,0.0,0.1,0.8,-0.4,-0.4
0.75,0.0,0.1,0.8,-0.2,-0.19999999999999998
0.75,0.0,0.1,0.8,0.0,1.7926670207542706e-39
0.75,0.0,0.1,0.8,0.2,0.2
0.75,0.0,0.1,0.8,0.4,0.4
0.75,0.0,0.1,0.8,0.6,0.6
0.75,0.0,0.1,0.8,0.8,0.8
0.75,0.0,0.4,0.2,-0.4,-0.26512222789423373
0.75,0.0,0.4,0.2,-0.2,-0.06354567443765374
0.75,0.0,0.4,0.2,0.0,0.12491907055463165
0.75,0.0,0.4,0.2,0.2,0.30462524201530017
0.75,0.0,0.4,0.2,0.4,0.4827131233940258
0.75,0.0,0.4,0.2,0.6,0.6511384429485605
0.75,0.0,0.4,0.2,0.8,0.8215130453014502
0.75,0.0,0.4,0.8,-0.4,-0.3996704265187344
0.75,0.0,0.4,0.8,-0.2,-0.1996415502799398
0.75,0.0,0.4,0.8,0.0,0.0003679410712891211
0.75,0.0,0.4,0.8,0.2,0.2003474772905099
0.75,0.0,0.4,0.8,0.4,0.4002989568497782
0.75,0.0,0.4,0.8,0.6,0.6001972060305057
0.75,0.0,0.4,0.8,0.8,0.8000891251841641
0.775,0.0,0.1,0.2,-0.4,-0.16845181690850625
0.775,0.0,0.1,0.2,-0.2,0.027567440607577987
0.775,0.0,0.1,0.2,0.0,0.20122816984442976
0.775,0.0,0.1,0.2,0.2,0.3617361186769324
0.775,0.0,0.1,0.2,0.4,0.5180770741240711
0.775,0.0,0.1,0.2,0.6,0.6725148903023671
0.775,0.0,0.1,0.2,0.8,0.8275077316721994
0.775,0.0,0.1,0.8,-0.4,-0.4
0.775,0.0,0.1,0.8,-0.2,-0.20000000000000004
0.775,0.0,0.1,0.8,0.0,3.3110475669975805e-35
0.775,0.0,0.1,0.8,0.2,0.2
0.775,0.0,0.1,0.8,0.4,0.39999999999999997
0.775,0.0,0.1,0.8,0.6,0.6
0.775,0.0,0.1,0.8,0.8,0.8000000000000002
0.775,0.0,0.4,0.2,-0.4,-0.27368944032756254
0.775,0.0,0.4,0.2,-0.2,-0.06615740277754405
0.775,0.0,0.4,0.2,0.0,0.12343690859814453
0.775,0.0,0.4,0.2,0.2,0.30352246809752087
0.775,0.0,0.4,0.2,0.4,0.4763276213423885
0.775,0.0,0.4,0.2,0.6,0.6483707106902318
0.775,0.0,0.4,0.2,0.8,0.819345839686959
0.775,0.0,0.4,0.8,-0.4,-0.39977064659558703
0.775,0.0,0.4,0.8,-0.2,-0.19972539479303048
0.775,0.0,0.4,0.8,0.0,0.00027532440267408995
0.775,0.0,0.4,0.8,0.2,0.20024727305068935
0.775,0.0,0.4,0.8,0.4,0.4002125189014748
0.775,0.0,0.4,0.8,0.6,0.6001553338083474
0.775,0.0,0.4,0.8,0.8,0.8000654650057932
0.8,0.0,0.1,0.2,-0.4,-0.20537837133840584
0.8,0.0,0.1,0.2,-0.2,-0.011002396327301265
0.8,0.0,0.1,0.2,0.0,0.16116266748776656
0.8,0.0,0.1,0.2,0.2,0.33666895345622255
0.8,0.0,0.1,0.2,0.4,0.5010143666334325
0.8,0.0,0.1,0.2,0.6,0.6553357295326129
0.8,0.0,0.1,0.2,0.8,0.8230757185900824
0.8,0.0,0.1,0.8,-0.4,-0.4
0.8,0.0,0.1,0.8,-0.2,-0.2
0.8,0.0,0.1,0.8,0.0,6.6540190315539915e-34
0.8,0.0,0.1,0.8,0.2,0.2
0.8,0.0,0.1,0.8,0.4,0.4
0.8,0.0,0.1,0.8,0.6,0.6
0.8,0.0,0.1,0.8,0.8,0.8000000000000002
0.8,0.0,0.4,0.2,-0.4,-0.2759198944923466
0.8,0.0,0.4,0.2,-0.2,-0.07489325767874204
0.8,0.0,0.4,0.2,0.0,0.11654283855119069
0.8,0.0,0.4,0.2,0.2,0.2970565216250084
0.8,0.0,0.4,0.2,0.4,0.47390023229897316
0.8,0.0,0.4,0.2,0.6,0.6428744040971665
0.8,0.0,0.4,0.2,0.8,0.8183739552530321
0.8,0.0,0.4,0.8,-0.4,-0.39983492808007665
0.8,0.0,0.4,0.8,-0.2,-0.19982122275250777
0.8,0.0,0.4,0.8,0.0,0.00019020587096211727
0.8,0.0,0.4,0.8,0.2,0.20018450427404944
0.8,0.0,0.4,0.8,0.4,0.4001645990916573
0.8,0.0,0.4,0.8,0.6,0.6001168841985306
0.8,0.0,0.4,0.8,0.8,0.8000495734064064
0.825,0.0,0.1,0.2,-0.4,-0.2558009073433134
0.825,0.0,0.1,0.2,-0.2,-0.057275764759467836
0.825,0.0,0.1,0.2,0.0,0.12687709448720072
0.825,0.0,0.1,0.2,0.2,0.3027275311252442
0.825,0.0,0.1,0.2,0.4,0.4750301799034657
0.825,0.0,0.1,0.2,0.6,0.6450758984199515
0.825,0.0,0.1,0.2,0.8,0.8176686477315065
0.825,0.0,0.1,0.8,-0.4,-0.39999999999999997
0.825,0.0,0.1,0.8,-0.2,-0.20000000000000004
0.825,0.0,0.1,0.8,0.0,4.2846020325339925e-40
0.825,0.0,0.1,0.8,0.2,0.20000000000000004
0.825,0.0,0.1,0.8,0.4,0.39999999999999997
0.825,0.0,0.1,0.8,0.6,0.5999999999999999
0.825,0.0,0.1,0.8,0.8,0.8000000000000002
0.825,0.0,0.4,0.2,-0.4,-0.2818541017019304
0.825,0.0,0.4,0.2,-0.2,-0.08028026950687968
0.825,0.0,0.4,0.2,0.0,0.11073026759567317
0.825,0.0,0.4,0.2,0.2,0.2915819592422894
0.825,0.0,0.4,0.2,0.4,0.4700067748022248
0.825,0.0,0.4,0.2,0.6,0.6435691076227275
0.825,0.0,0.4,0.2,0.8,0.8172443820807428
0.825,0.0,0.4,0.8,-0.4,-0.3998666406184798
0.825,0.0,0.4,0.8,-0.2,-0.19987230955810742
0.825,0.0,0.4,0.8,0.0,0.00015647505511856512
0.825,0.0,0.4,0.8,0.2,0.20013718958385815
0.825,0.0,0.4,0.8,0.4,0.4001167018411053
0.825,0.0,0.4,0.8,0.6,0.6000809170102407
0.825,0.0,0.4,0.8,0.8,0.8000393509279182
0.85,0.0,0.1,0.2,-0.4,-0.2996459739846933
0.85,0.0,0.1,0.2,-0.2,-0.0949851224065146
0.85,0.0,0.1,0.2,0.0,0.09265661355050503
0.85,0.0,0.1,0.2,0.2,0.2762880512848047
0.85,0.0,0.1,0.2,0.4,0.45569146008886574
0.85,0.0,0.1,0.2,0.6,0.6309408822886802
0.85,0.0,0.1,0.2,0.8,0.8133002328053547
0.85,0.0,0.1,0.8,-0.4,-0.4
0.85,0.0,0.1,0.8,-0.2,-0.20000000000000004
0.85,0.0,0.1,0.8,0.0,1.5040461126318326e-33
0.85,0.0,0.1,0.8,0.2,0.20000000000000004
0.85,0.0,0.1,0.8,0.4,0.3999999999999999
0.85,0.0,0.1,0.8,0.6,0.6
0.85,0.0,0.1,0.8,0.8,0.8
0.85,0.0,0.4,0.2,-0.4,-0.28575328965945984
0.85,0.0,0.4,0.2,-0.2,-0.08852188943470374
0.85,0.0,0.4,0.2,0.0,0.10280825437410857
0.85,0.0,0.4,0.2,0.2,0.28993904610948273
0.85,0.0,0.4,0.2,0.4,0.4617806808673836
0.85,0.0,0.4,0.2,0.6,0.6403419126994292
0.85,0.0,0.4,0.2,0.8,0.8156122448631948
0.85,0.0,0.4,0.8,-0.4,-0.39990472746406897
0.85,0.0,0.4,0.8,-0.2,-0.19989377885196052
0.85,0.0,0.4,0.8,0.0,0.000100912364882293
0.85,0.0,0.4,0.8,0.2,0.20010982268778996
0.85,0.0,0.4,0.8,0.4,0.4000959604700907
0.85,0.0,0.4,0.8,0.6,0.6000610224798681
0.85,0.0,0.4,0.8,0.8,0.8000281228761691
0.875,0.0,0.1,0.2,-0.4,-0.33644840915552365
0.875,0.0,0.1,0.2,-0.2,-0.1312910816966771
0.875,0.0,0.1,0.2,0.0,0.06427590748513166
0.875,0.0,0.1,0.2,0.2,0.25347144943203714
0.875,0.0,0.1,0.2,0.4,0.43994786275754283
0.875,0.0,0.1,0.2,0.6,0.6249848172428548
0.875,0.0,0.1,0.2,0.8,0.8088522854504144
0.875,0.0,0.1,0.8,-0.4,-0.39999999999999997
0.875,0.0,0.1,0.8,-0.2,-0.2
0.875,0.0,0.1,0.8,0.0,2.017210635907624e-43
0.875,0.0,0.1,0.8,0.2,0.20000000000000004
0.875,0.0,0.1,0.8,0.4,0.4
0.875,0.0,0.1,0.8,0.6,0.5999999999999999
0.875,0.0,0.1,0.8,0.8,0.8
0.875,0.0,0.4,0.2,-0.4,-0.29347175155708377
0.875,0.0,0.4,0.2,-0.2,-0.09517937540336308
0.875,0.0,0.4,0.2,0.0,0.09948694141488203
0.875,0.0,0.4,0.2,0.2,0.2805317331203587
0.875,0.0,0.4,0.2,0.4,0.4622565028377321
0.875,0.0,0.4,0.2,0.6,0.636883605200712
0.875,0.0,0.4,0.2,0.8,0.8151120693419354
0.875,0.0,0.4,0.8,-0.4,-0.3999327228864194
0.875,0.0,0.4,0.8,-0.2,-0.19992322873819388
0.875,0.0,0.4,0.8,0.0,7.748765900162562e-5
0.875,0.0,0.4,0.8,0.2,0.20007839786712028
0.875,0.0,0.4,0.8,0.4,0.4000617627386363
0.875,0.0,0.4,0.8,0.6,0.6000444911645125
0.875,0.0,0.4,0.8,0.8,0.8000212264046093
0.9,0.0,0.1,0.2,-0.4,-0.36081351283896085
0.9,0.0,0.1,0.2,-0.2,-0.15711405955617005
0.9,0.0,0.1,0.2,0.0,0.04204281032782261
0.9,0.0,0.1,0.2,0.2,0.23523157618657875
0.9,0.0,0.1,0.2,0.4,0.42827070177714255
0.9,0.0,0.1,0.2,0.6,0.6162542807684198
0.9,0.0,0.1,0.2,0.8,0.8064603254569385
0.9,0.0,0.1,0.8,-0.4,-0.4
0.9,0.0,0.1,0.8,-0.2,-0.19999999999999998
0.9,0.0,0.1,0.8,0.0,1.860748908960158e-33
0.9,0.0,0.1,0.8,0.2,0.2
0.9,0.0,0.1,0.8,0.4,0.4
0.9,0.0,0.1,0.8,0.6,0.6
0.9,0.0,0.1,0.8,0.8,0.8
0.9,0.0,0.4,0.2,-0.4,-0.29852473813917235
0.9,0.0,0.4,0.2,-0.2,-0.09870506645181323
0.9,0.0,0.4,0.2,0.0,0.0936496155331877
0.9,0.0,0.4,0.2,0.2,0.27894574027190217
0.9,0.0,0.4,0.2,0.4,0.4580132383680765
0.9,0.0,0.4,0.2,0.6,0.6335483218795922
0.9,0.0,0.4,0.2,0.8,0.8140249822909555
0.9,0.0,0.4,0.8,-0.4,-0.3999477664559247
0.9,0.0,0.4,0.8,-0.2,-0.1999488720072114
0.9,0.0,0.4,0.8,0.0,5.798950398072006e-5
0.9,0.0,0.4,0.8,0.2,0.20006148968076443
0.9,0.0,0.4,0.8,0.4,0.4000508967717572
0.9,0.0,0.4,0.8,0.6,0.6000363300020828
0.9,0.0,0.4,0.8,0.8,0.8000155468253415
